product_id,name
4,Addams Family Cereal
1259,Agave Plus Granola Cereal
6,All-Bran Cereal
582,All-Bran Strawberry Medley Cereal
7,All-Bran Yogurt Bites Cereal
9,Almond Delight Cereal
11,Alpha-Bits Cereal
1263,Anitoxidant Indulgence Cereal
17,Apple Cinnamon Rice Krispies Cereal
1649,Apple Cinnamon Toast Crunch Cereal
556,Atlantis Cereal
568,Autumn Wheat Cereal
1569,Avengers Cereal
477,Acai Apple Granola Cereal
909,Airheads Berries (Cap'n Crunch) Cereal
1711,All Together Cereal
1356,All-American Rice Krispies Cereal
598,All-Bran Bran Buds Cereal
600,All-Bran Buds Cereal
596,All-Bran Complete Oat Flakes Cereal
597,All-Bran Complete Wheat Flakes Cereal
599,All-Bran Extra Fiber Cereal
1384,All-Wheat Cereal
410,Almond Apple Muesli Cereal
1704,Almond Nut Butter Crunch Cereal
791,Alpen Cereal
792,Alpen (No Added Sugar) Cereal
786,Amaranth Flakes Cereal
928,Amazin' Raisin Bran Cereal
1480,Amazing Spider-Man Cereal
503,Amazon Frosted Flakes Cereal
961,Ancient Grain: Organic Harvest Apple Cereal
1054,Anderson Trail Granolas
1284,Apple & Cinnamon Wheats Cereal
1119,Apple Blueberry Granola Cereal
1283,Apple Caramel Pecan Crunch Cereal
12,Apple Cinnamon Cheerios Cereal
1482,Apple Cinnamon Chex Cereal
467,Apple Cinnamon Granola Cereal
1039,Apple Cinnamon Granola Cereal
856,Apple Cinnamon Harvest Cereal
945,Apple Cinnamon Low Fat Crisp Cereal
879,Apple Cinnamon Oatios Cereal
1380,Apple Cinnamon Oh!s Cereal
834,Apple Cinnamon O's Cereal
811,Apple Cinnamon Square-Ems Cereal
690,Apple Cinnamon Squares Cereal
1252,Apple Cinnamon Toasty O's Cereal
1218,Apple Cranberry Crumble Cereal
1069,Apple Crisp Cereal
13,Apple Jacks Cereal
1377,Apple Jacks Apple Clones Cereal
1092,Apple Jacks Crashers Cereal
1336,Apple Jacks Gliders Cereal
1574,Apple Jacks With Marshmallows Cereal
1445,Apple Oh!s Cereal
1257,Apple Orchard Granola Cereal
14,Apple Raisin Crisp Cereal
1040,Apple Strawberry Granola Cereal
914,Apple Zaps Cereal
15,Apple Zings Cereal
1261,Artisan Inspiration Cereal
872,Aztec Crunchy Corn & Amaranth Cereal
592,Banana Almond Medley Cereal
415,Banana Frosted Flakes Cereal
19,Banana Nut Crunch Cereal
1107,Barbie Multi-Grain Cereal
21,Baron Von RedBerry Cereal
22,Bart Simpson Cereal
1083,Bart Simpson's No ProblemO's Cereal
24,Batman Cereal
1596,Batman Chocolate Strawberry Cereal
25,Batman Returns Cereal
1695,Beach Bash Crunch Cereal
1156,Benefit Cereal
32,Berry Lucky Charms Cereal
34,Bill & Ted's Excellent Cereal
1686,Birthday Cake Remix Cereal
1668,Blasted Shreds: Cinnamon Toast Crunch Cereal
1667,Blasted Shreds: Peanut Butter Chocolate Cereal
1648,Blueberry Chex Cereal
434,Blueberry Monster Crunch Cereal
37,Blueberry Muffin Tops Cereal
1639,Blueberry Pancake Crunch Cereal
38,Body Buddies Cereal
40,Boo Berry Cereal
265,Bopperoos Cereal
444,Bran Chex Cereal
1458,Bran'nola Cereal
46,Breakfast With Barbie Cereal
47,Buc Wheats Cereal
632,Bunny Love Cereal
1521,Bunuelitos Cereal
49,Buzz Blasts Cereal
1753,Baby Shark Cereal
1198,Bakeroonies Cereal
1041,Bakery On Main Gourmet Granolas
18,Balance Cereal
414,Bamm-Baam Berry Pebbles Cereal
1275,BanaBerry Granola Cereal
1727,Banana Creme Frosted Flakes Cereal
1221,Banana Nut Cheerios Cereal
466,Banana Nut Granola Cereal
20,Banana Nut Granola (Sunbelt) Cereal
951,Banana Nut Rainforest Crisp Cereal
892,Banana Wackies Cereal
1572,Barbara's Better Granola Cereal
1086,Barbie As The Island Princess Cereal
1087,Barbie Fairytopia Cereal
23,Basic 4 Cereal
1483,Bear Naked Fit: Autumn Blend Cereal
468,Bear Naked Peanut Butter Granola Cereal
1147,Bedrock Blizzard Cocoa Pebbles Cereal
1146,Bedrock Blizzard Fruity Pebbles Cereal
1366,Beep Beep Cereal
27,Berry Basic Cereal
28,Berry Berry Kix Cereal
1706,Berry Blast Cheetah Chomps Cereal
1426,Berry Blossoms Cereal
30,Berry Bones Scooby-Doo Cereal
1602,Berry Bunnies Cereal
31,Berry Burst Cheerios - Strawberry Cereal
533,Berry Burst Cheerios - Strawberry Banana Cereal
532,Berry Burst Cheerios - Triple Berry Cereal
1495,Berry Cobbler Granola Cereal
418,Berry Colossal Crunch Cereal
1692,Berry Crumble Super Food Combos Cereal
1489,Berry Fruitful Cereal
416,Berry Krispies Cereal
1565,Berry Vanilla Puffs Cereal
1683,Birthday Cake Cookie Crisp Cereal
1708,Birthday Cake Froot Loops Cereal
1502,Black Currant Walnut Cereal
1497,Blackberry Hills Cereal
802,Blue Corn Flakes Cereal
1739,Blueberry Cheerios Cereal
35,Blueberry Morning Cereal
472,Blueberry Muesli Cereal
1357,Blueberry Squares Cereal
465,Blueberry Walnut Granola Cereal
1136,BoneWise Cereal
41,Bozo Frosted Flakes Cereal
926,Bozo's Little O's Cereal
1347,Bran & Fig Cereal
1303,Bran & Prune Flakes Cereal
1226,Bran Buds Cereal
43,Bran Flakes (Kellogg's) Cereal
44,Bran Flakes (Post) Cereal
45,Bran Muffin Crisp Cereal
1197,Bran News Cereal
1337,Breakfast Mates Cereal
1323,Breakfast On The Run Cereal
842,Breakfast O's Cereal
1047,Brookfarm Macadamia Muesli
843,Brown Rice Crisps Cereal
48,Bugs 'n' Mud
1760,Bunnies & Blossoms Cereal
1451,Bunny Crunch Cereal
417,Buttercups Cereal
50,C-3PO's Cereal
51,Cabbage Patch Kids Cereal
52,California Raisins Cereal
1550,Candy Corn Pebbles Cereal
53,Cap'n Crunch Cereal
626,Cat In The Hat Cereal
1747,Caticorn Cereal
56,Cheerios Cereal
1694,Cheerios Oat Crunch Cereal
1580,Chex Clusters Cereal
1564,Choco Chimps Cereal
432,Choco Donuts (Cap'n Crunch) Cereal
61,Chocolate Donutz Cereal
1673,Chocolate Frosted Flakes Cereal
1655,Chocolate Peanut Butter Cheerios Cereal
1538,Chocolate Toast Crunch Cereal
1193,Christmas Cookie-Crisp Cereal
67,Christmas Crunch Cereal
1720,Churros Cereal
1088,Cinnabon Caramel Pecan Crunch Cereal
68,Cinnabon Cinnamon Crunch Cereal
777,Cinna-Cluster Raisin Bran Cereal
1281,Cinnamon Chex Cereal
1631,Cinnamon Frosted Flakes Cereal
70,Cinnamon Marshmallow Scooby-Doo Cereal
69,Cinnamon Mini Buns Cereal
1640,Cinnamon Pebbles Cereal
1659,Cinnamon Roll Shredded Wheat Cereal
1217,Cinnamon Spice Crunch Cereal
1402,Cinnamon Streusel Cereal
73,Cinnamon Toasters Cereal
1661,Cinnamon Vanilla Lucky Charms Cereal
75,Clackers Graham Cereal
1162,Clusters Cereal
78,CoCo Wheats Cereal
1110,Cocoa Beach Granola Cereal
1132,Cocoa Puffs Combos Cereal
1653,Cocoa Puffs Ice Cream Scoops Cereal
1143,Concentrate Cereal
1297,Corn Flakes & Peaches Cereal
737,Corn Flakes & Strawberries Cereal
908,Cozmic Crunch (Cap'n Crunch) Cereal
102,Cracklin' Oat Bran Cereal
756,Crazy Cow - Chocolate Cereal
106,Crazy Cow - Strawberry Cereal
1696,Create A Crunch Cereal
109,Crispy Critters Cereal
114,Croonchy Stars Cereal
116,Cruncheroos Cereal
1332,Cupcake Pebbles Cereal
1112,Curves Honey Crunch Cereal
1113,Curves Whole Grain Crunch Cereal
1309,C.W. Post Cereal
894,Candy Corn Corn Pops Cereal
1594,Captain America: Civil War Cereal
604,Caramel Nut Crunch Cereal
1588,Caramel Popcorn Crunch Cereal
1093,Carb Well - Cinnamon Crunch Cereal
422,Carb Well - Golden Crunch Cereal
421,Carnival Berries (Cap'n Crunch) Cereal
713,Cars Cereal
1465,Cars 2 Cereal
1114,CerOs - Cinnamon Cereal
1115,CerOs - Original Cereal
1116,CerOs - Raspberry Cereal
1048,Chappaqua Crunch Granolas
1305,Charged Bran Cereal
1390,Checkr-Corn Flake Cereal
772,Cheerioats Cereal
1556,Cheerios + Ancient Grains Cereal
1546,Cheerios Protein - Cinnamon Almond Cereal
1547,Cheerios Protein - Oats & Honey Cereal
490,Cheetah Chomps Cereal
1316,Cherry Almond Crunch Cereal
1560,Chia Plus: Coconut Chia Granola Cereal
1209,Chief Corn Flakes
1670,Chips Ahoy! Cereal
439,Choc-Colossal Crunch Cereal
59,Choco Crunch (Cap'n Crunch) Cereal
1643,Chocolate Almond Clusters Cereal
1329,Chocolate Cheerios Cereal
60,Chocolate Chex Cereal
1369,Chocolate Frosted Flakes Cereal
1007,Chocolate Honey-Comb Cereal
681,Chocolate Kombos Cereal
64,Chocolate Lucky Charms Cereal
423,Chocolate Marshmallow Mateys Cereal
1434,Chocolate O's Cereal
891,Chocolate Wheats Cereal
1728,Chocolatey Berry Crunch Cereal
1464,Chocolatey Crunch Cereal
1370,Chocolatey Frosted Mini Spooners Cereal
65,Chocolatey Peanut Butter Crunch (Cap'n Crunch) Cereal
1715,Chocolatey Winter Lucky Charms Cereal
66,Chocos Cereal
63,Chrebet Crunch
919,Cini Minis Cereal
1361,Cinnabon Cereal
631,Cinna-Bunnies Cereal
555,Cinna-Crunch Pebbles Cereal
1280,Cinna-Graham Honey-Comb Cereal
1471,Cinnamon Almond Raisin Bran Cereal
1219,Cinnamon Apple Crisp Cereal
1432,Cinnamon Burst Cheerios Cereal
591,Cinnamon Cluster Crunch Cereal
1241,Cinnamon Crunch Cereal
1231,Cinnamon Crunch Cereal
431,Cinnamon Crunch (Cap'n Crunch) Cereal
1344,Cinnamon Crunch Crispix Cereal
1026,Cinnamon Crunch Granola Cereal
1675,Cinnamon French Toast Cereal
71,Cinnamon Grahams Cereal
571,Cinnamon Harvest Cereal
1492,Cinnamon Jacks Cereal
1570,Cinnamon Jungle Munch Cereal
1387,Cinnamon Nut Cheerios Cereal
1003,Cinnamon Oat Crunch Cereal
1144,Cinnamon Raisin Bran Cereal
861,Cinnamon Raisin Granola Cereal
1487,Cinnamon Roll Crunch Cereal
461,Cinnamon Shredded Wheat Cereal
72,Cinnamon Toast Crunch Cereal
1448,Cinna-mum-m-m Cereal
666,CinnaScary Apple Jacks Cereal
74,Circus Fun Cereal
857,Clifford Crunch Cereal
425,Coco Pops Cereal
77,Coco Roos Cereal
1237,Cocoa & Vanilla Bunnies Cereal
912,Cocoa Blasts Cereal
999,Cocoa Bumpers Cereal
1603,Cocoa Bunnies Cereal
424,Cocoa Corn Pops Cereal
1714,Cocoa Crisp Super Food Combos Cereal
1455,Cocoa Crispy Brown Rice Cereal
882,Cocoa Crispy Rice Cereal
440,Cocoa Dyno-Bites Cereal
665,Cocoa Freakies Cereal
426,Cocoa Frosted Flakes Cereal
79,Cocoa Hoots Cereal
80,Cocoa Krispies Cereal
611,Cocoa Krispies Choconilla Cereal
81,Cocoa Pebbles Cereal
82,Cocoa Puffs Cereal
1436,Cocoa Puffs Brownie Crunch Cereal
883,Cocomotion Cereal
1732,Coconut & Cashew Nut Butter Crunch Cereal
83,Colossal Crunch Cereal
531,Colossal Froot Loops Cereal
692,Common Sense Oat Bran Cereal
85,Complete All-Bran Cereal
899,Complete Bran Flakes Cereal
930,Complete Oat Bran Flakes Cereal
445,Complete Wheat Bran Flakes Cereal
1300,Cookie Crisp - Sprinkles Cereal
729,Cookie Crisp: Double Chocolate Cereal
734,Cookie Crisp: Peanut Butter Cereal
86,Cookie Crisp: Vanilla Wafer Cereal
1752,Cookie Doughn't You Want Some Cereal
88,Cookie-Crisp: Chocolate Chip Cereal
87,Cookie-Crisp: Oatmeal Cookie Cereal
1698,Cookies & Cream Cereal
1095,Cook's Flaked Rice
89,Corn Bran Cereal
90,Corn Bran Squares Cereal
1251,Corn Bursts Cereal
92,Corn Chex Cereal
93,Corn Crackos Cereal
1737,Corn Crunch Cereal
809,Corn Crunch-Ems Cereal
1296,Corn Flakes & Blueberries Cereal
765,Corn Flakes (Armour's)
1180,Corn Flakes (Arrowhead Mills) Cereal
835,Corn Flakes (Barbara's Bakery) Cereal
1076,Corn Flakes (Carnation)
873,Corn Flakes (Erewhon) Cereal
96,Corn Flakes (Kellogg's) Cereal
1254,Corn Flakes (Malt-O-Meal) Cereal
498,Corn Flakes (Nature's Path) Cereal
1072,Corn Flakes (Purity Brand)
95,Corn Flakes (Quaker) Cereal
97,Corn Flakes With Instant Bananas Cereal
427,Corn Flakes With Real Bananas Cereal
94,Corn Pops Cereal
492,Corn Puffs Cereal
99,Corn Soya Cereal
1169,Corn Toasties Cereal
1208,Corn Total Cereal
896,Corneroos Cereal
98,Corn-fetti Cereal
100,Corny-Snaps Cereal
1291,Cosmic Krispies Cereal
1738,Cotton Candy Crunch Cereal
101,Count Chocula Cereal
1295,Count Off Cereal
1385,Country Corn Bran Cereal
587,Country Corn Flakes Cereal
1166,Country Crisp Cereal
682,Country Morning Cereal
683,Country Morning With Raisins And Dates Cereal
103,Cracker Jack Cereal Cereal
680,Cracklin' Bran Cereal
1024,Cranapple Crunch Granola Cereal
104,Cranberry Almond Crunch Cereal
808,Cranberry Crunch Cereal
1258,Cranberry Sunshine Cereal
614,Cran-Vanilla Crunch Cereal
1098,Creepy Cocoa Rice Krispies Cereal
1288,Crisp Crunch Cereal
108,Crispix Cereal
1343,Crispix Krispies Cereal
871,Crispy Brown Rice - Gluten Free Cereal
870,Crispy Brown Rice - No Salt Added Cereal
869,Crispy Brown Rice - Original Cereal
874,Crispy Brown Rice with Mixed Berries Cereal
110,Crispy Numbers Cereal
769,Crispy Oatmeal & Raisin Chex Cereal
111,Crispy Rice (Malt-O-Meal) Cereal
488,Crispy Rice (Nature's Path) Cereal
918,Crispy Rice (Ralston) Cereal
112,Crispy Wheat Cereal
428,Crispy Wheaties 'n Raisins Cereal
840,Crispy Wheats Cereal
113,Crispy Wheats 'n Raisins Cereal
115,Crunch Berries (Cap'n Crunch) Cereal
1403,Crunch Treasures Cereal
1012,Crunchy Blends: Just Right Fruit And Nut Cereal
1013,Crunchy Blends: Low Fat Granola With Raisins Cereal
1014,Crunchy Blends: Low Fat Granola Without Raisins Cereal
117,Crunchy Bran Cereal
1036,Crunchy Coconut Granola Cereal
446,Crunchy Corn Bran Cereal
1271,Crunchy Granola With Raisins Cereal
118,Crunchy Loggs Cereal
119,Crunchy Loggs - Strawberry Cereal
1397,Crunchy Maple Sunrise Cereal
120,Crunchy Nut Corn Flakes Cereal
730,Crunchy Nut Oh's Cereal
1405,Crunchy Nut: Golden Honey Nut Flakes Cereal
1406,Crunchy Nut: Roasted Nut & Honey O's Cereal
1479,Crunchy Nut: Caramel Nut Cereal
1398,Crunchy Vanilla Sunrise Cereal
1230,Cubs Cereal
1282,Curves Fruit & Nut Crunch Cereal Cereal
1151,Dark Chocolate Almond Granola Cereal
1619,Dark Cocoa Karma Cereal
1634,Despicable Me Cereal
512,Diet Frosted Rice Puffs Cereal
511,Diet Frosted Wheat Puffs Cereal
122,Dinersaurs Cereal
124,Dino Pebbles Cereal
1688,Dippin' Dots Banana Split Cereal
1637,Disney Princess Cereal
1719,Donettes Cereal
127,Donkey Kong Cereal
1674,Donut Shop Cereal
443,Double Chex Cereal
129,Double Dip Crunch Cereal
130,Dunkin' Donuts Cereal
515,Dutch Apple Cereal
1537,Dark Chocolate Crunch Cheerios Cereal
806,Date Almond Flavor Granola Cereal
513,Deep-Sea Crunch (Cap'n Crunch) Cereal
885,Diamond Shreddies Cereal
736,Dino S'mores Pebbles Cereal
1059,Divinely D'lish Granolas
128,Donkey Kong Jr. Cereal
640,Dora The Explorer Cereal
1677,Double Chocolate Brownie Crunch Cereal
1210,Dr. Price's Corn Flakes
448,Dr. Sears Zone Cereal
1608,Dragon Adventure Crunch Cereal
1412,Drinket Cereal
1741,Drumstick Cereal
1460,Dulce De Leche Cheerios Cereal
514,Dunk-A-Balls (Wheaties) Cereal
1192,Dynaman Cereal
133,E.T. Cereal
1102,Egg-O-See
779,Elijah's Manna Cereal
1363,Extra Cereal
459,E.C. Corn Flakes
1213,Eat My Shorts Cereal
516,Eggo - Cinnamon Toast Cereal
132,Eggo - Maple Syrup Cereal
1771,Eggo Blueberry Cereal
1770,Eggo Homestyle Cereal
807,Empower Cereal
1065,Energy Start Cereal
1442,Ensemble Cereal
1057,Erin Baker's Granolas
953,Essential 10 Cereal
519,Ezekiel 4:9 Almond Cereal
517,Ezekiel 4:9 Cinnamon Raisin Cereal
520,Ezekiel 4:9 Golden Flax Cereal
518,Ezekiel 4:9 Original Cereal
1593,Finding Dory Cereal
636,Finding Nemo Cereal
1322,Fingos Cereal
509,Flax Plus Red Berry Crunch Cereal
137,Flutie Flakes
1167,Fortified Oat Flakes Cereal
139,Franken Berry Cereal
140,Freakies Cereal
141,French Toast Crunch Cereal
1735,Friends Bunnies Cereal
1290,Frosted Bran Cereal
143,Frosted Cheerios Cereal
1622,Frosted Flakes With Marshmallows Cereal
1108,Frosted Mini-Wheats: Blueberry Muffin Cereal
1289,Frosted Rice Chex Juniors Cereal
1557,Frozen Cereal
156,Fruit & Nut Granola Cereal
1150,Fruit And Nut Granola Cereal
154,Fruit Brute Cereal
160,Fruit Islands Cereal
1328,Fruit Wheats Cereal
161,Fruity Marshmallow Krispies Cereal
162,Fruity Pebbles Cereal
619,Fairly Odd Parents Cereal
1056,Feed Granolas
814,Fiber 7 Cereal
527,Fiber One - Caramel Delight Cereal
1223,Fiber One - Frosted Shredded Wheat Cereal
525,Fiber One - Honey Clusters Cereal
526,Fiber One - Raisin Bran Clusters Cereal
1734,Fiber One - Strawberries & Vanilla Clusters Cereal
1494,Fiber One 80: Chocolate Cereal
1462,Fiber One 80: Honey Squares Cereal
135,Fiber One Bran Cereal
1536,Fiber One Protein - Cranberry Almond Cereal
1535,Fiber One Protein - Maple Brown Sugar Cereal
1374,FiberPlus Antioxidants: Berry Yogurt Crunch Cereal
1435,FiberPlus Antioxidants: Caramel Pecan Crunch Cereal
1375,FiberPlus Antioxidants: Cinnamon Oat Crunch Cereal
1134,FiberWise Cereal
553,Fiesta Fruity Pebbles Cereal
1349,Fig & Bran Cereal
1742,Fillows Cereal
1060,Fiona's All Natural Granolas
594,Flakes & Fiber with Oats Cereal
1070,Flax & Fiber Crunch Cereal
1408,Flax Plus Maple Pecan Crunch Cereal
499,Flax Plus Multibran Cereal
508,Flax Plus Pumpkin Raisin Crunch Cereal
500,Flax Plus Raisin Bran Cereal
1326,Flax Right Pomegranate Raspberry Clusters Cereal
138,Force
529,Freaky Froot Loops Cereal
1702,Freedom Crunch Cereal
1642,French Toasters Cereal
1131,French Vanilla Crisp Cereal
954,French Vanilla Granola Cereal
1126,French Vanilla Granola With Almonds Cereal
1454,Frightening Froot Loops Cereal
1561,Froot Loop Bloopers Cereal
142,Froot Loops Cereal
1138,Froot Loops Marshmallows Cereal
530,Froot Loops Smoothie Cereal
1501,Froot Loops Treasures Cereal
1522,Froot Loops With Ghosts Cereal
442,Frosted Chex Cereal
1279,Frosted Double Dip Crunch Cereal
1315,Frosted Flakes Cereal
144,Frosted Flakes (Kellogg's) Cereal
145,Frosted Flakes (Malt-O-Meal) Cereal
907,Frosted Flakes (Manischewitz) Cereal
580,Frosted Flakes Gold Cereal
1583,Frosted Flakes With Energy Clusters Cereal
612,Frosted Krispies Cereal
147,Frosted Mini Chex Cereal
148,Frosted Mini Spooners Cereal
149,Frosted Mini-Wheats Cereal
1236,Frosted Mini-Wheats Little Bites - Chocolate Cereal
1473,Frosted Mini-Wheats Little Bites - Cinnamon Roll Cereal
1225,Frosted Mini-Wheats Little Bites - Honey Nut Cereal
544,Frosted Mini-Wheats: Big Bite Cereal
539,Frosted Mini-Wheats: Bite Size Cereal
541,Frosted Mini-Wheats: Cinnamon Streusel Cereal
1774,Frosted Mini-Wheats: Filled Cereal
1775,Frosted Mini-Wheats: Fruit Medley Cereal
543,Frosted Mini-Wheats: Maple & Brown Sugar Cereal
1586,Frosted Mini-Wheats: Pumpkin Spice Cereal
677,Frosted Mini-Wheats: Strawberry Cereal
540,Frosted Mini-Wheats: Strawberry Delight Cereal
1404,Frosted Mini-Wheats: Touch Of Fruit Cereal
542,Frosted Mini-Wheats: Vanilla Creme Cereal
1691,Frosted Mini-Wheats: Vanilla Latte Cereal
720,Frosted Oat Flakes Cereal
1604,Frosted Oat Flakes Cereal
150,Frosted Rice Cereal
733,Frosted Rice Krinkles Cereal
146,Frosted Rice Krispies Cereal
151,Frosted Shredded Wheat Cereal
1699,Frosted Shredded Wheat: Chocolate Strawberry Cereal
1700,Frosted Shredded Wheat: Strawberry Cereal
1461,Frosted Toast Crunch Cereal
1449,Frosted Wheat Bites Cereal
537,Frosted Wheat Squares Cereal
538,Frosted Wheaties Cereal
890,Frosted Wheats Cereal
152,Frosties Cereal
153,Frosty O's Cereal
155,Fruit & Bran Cereal
549,Fruit & Fibre: Apples & Cinnamon Cereal
157,"Fruit & Fibre: Dates, Raisins & Walnuts Cereal"
550,Fruit & Fibre: Mountain Trail Cereal
548,"Fruit & Fibre: Peaches, Raisins & Almonds Cereal"
462,Fruit And Nut Granola Cereal
546,Fruit Harvest: Banana Berry Cereal
547,Fruit Harvest: Peach Strawberry Cereal
159,Fruit Harvest: Strawberry Blueberry Cereal
1314,Fruit Rings Cereal
731,Fruitangy Oh's Cereal
881,Fruit-e-O's Cereal
1391,Fruitful Bran Cereal
1411,Fruitful O's Cereal
1238,Fruity Bunnies Cereal
536,Fruity Cheerios Cereal
1353,Fruity Confetti Froot Loops Cereal
441,Fruity Dyno-Bites Cereal
158,Fruity Freakies Cereal
1722,Fruity Lucky Charms Cereal
1518,Fruity Pebbles Xtreme Cereal
906,Fruity's Cereal
164,G.I. Joe Action Stars Cereal
668,Galactic Crunch (Cap'n Crunch) Cereal
165,Ghostbusters Cereal
1662,Gingerbread Spice Life Cereal
1633,Girl Scouts Caramel Crunch Cereal
1632,Girl Scouts Thin Mints Cereal
168,Golden Grahams Cereal
1687,Golden Oreo O's Cereal
1199,Golden Raisin Crisp Cereal
1635,GOLEAN Chocolate Crunch Cereal
171,Good Friends Cereal
1459,Graham Chex Cereal
684,Graham Cracko's Cereal
172,Grand Slams Cereal
174,Granula
175,Grape-Nuts Cereal
1004,Grape-Nuts Trail Mix Crunch: Cranberry Vanilla Cereal
178,Gremlins Cereal
1062,Galaxy Granolas
1386,Garfield Cereal
1392,Gerber Toasted Oat Rings
638,Ghostbusters 2 Cereal
1364,Ghosties Cereal
952,Ginger Hemp Granola Cereal
946,Ginger Snap Granola Cereal
476,Ginger Zing Granola Cereal
1270,GinkgO's Cereal
1269,Ginseng Crunch Cereal
938,Glucerna: Crunchy Flakes 'n Almonds Cereal
940,Glucerna: Crunchy Flakes 'n Raisins Cereal
939,Glucerna: Crunchy Flakes 'n Strawberries Cereal
1562,Go Diego Go! Cereal
578,Go Lean Cereal
1477,Go Lean Crisp! Cinnamon Crumble Cereal
1331,Go Lean Crisp! Toasted Berry Crumble Cereal
166,Go Lean Crunch! Cereal
579,Go Lean Crunch! Honey Almond Flax Cereal
1523,Go Lean: Vanilla Graham Clusters Cereal
1317,Goji Berry Flake & Cluster Cereal
601,Gold Medal Raisin Bran Cereal
1043,Goldberg Sugar Frosted Flakes
167,Golden Crisp Cereal
1433,Golden Goodness Cereal
958,Golden Honey Granola Cereal
169,Golden Nuggets Cereal
170,Golden Puffs Cereal
1716,Golden Turmeric Cereal
1610,GOLEAN Clusters Vanilla Pepita Cereal
1680,GOLEAN Peanut Butter Crunch Cereal
404,Good Friends: Cinna-Raisin Crunch Cereal
1514,Good Morenings: Berry Loops Cereal
1512,Good Morenings: Cocoa Cinnamon Crunch Cereal
1517,Good Morenings: Frosted Flakes Cereal
1513,Good Morenings: Strawberry And Creme Cereal
1516,Good Morenings: Vanilla O's Cereal
1515,Good Morenings: Waffle Crunch Cereal
510,Gorilla Munch Cereal
996,Graham Bumpers Cereal
841,Grain Shop Cereal
1229,Grains Of Gold
965,Granola: Blueberry 'n Cream Cereal
1187,Granola: Crunchy Oat Bran Cereal
964,Granola: Mocha Almond Crunch Cereal
969,Granola: Pralines 'n Cream Cereal
967,Granola: Raspberry 'n Cream Cereal
962,Granola: Strawberry 'n Cream Cereal
968,Granola: Triple Berry Crunch Cereal
780,Granose Flakes Cereal
853,Grants Hygienic Breakfast Food
1490,Grape-Nuts Fit Cereal
176,Grape-Nuts Flakes Cereal
557,Grape-Nuts O's Cereal
558,Grape-Nuts Trail Mix Crunch Cereal
559,Grape-Nuts Trail Mix Crunch: Maple Nut & Brown Sugar Cereal
1194,Great Goodstuff Cereal
630,Great Grains - Crunchy Pecans Cereal
177,"Great Grains - Raisins, Dates & Pecans Cereal"
1542,Great Grains Digestive Blend - Berry Medley Cereal
1543,Great Grains Digestive Blend - Vanilla Graham Cereal
1554,Great Grains Granola - Blueberry Flax Cereal
1555,Great Grains Granola - Super Nutty Cereal
1493,Great Grains Protein: Cinnamon Hazelnut Cereal
1486,Great Grains Protein: Honey Oats & Seeds Cereal
1524,Great Grains: Blueberry Pomegranate Cereal
1676,Great Grains: Coconut Almond Crunch Cereal
1769,Great Grains: Raisin Cluster Crunch Cereal
867,Great Measure Cereal
714,Green Slime (Nickelodeon) Cereal
430,Halloween Crunch (Cap'n Crunch) Cereal
182,Harmony Cereal
1623,Healthy Choice Cereal
1365,Heart Of Oats Cereal
1157,Heartland Natural Cereal
862,Hearty Morning Cereal
185,Hidden Treasures Cereal
1201,High School Musical Cereal
1552,Holiday Sprinkles Cookie Crisp Cereal
186,Homer's Cinnamon Donut Cereal
685,Honey & Nut Corn Flakes Cereal
1723,Honey Bun Cereal
1319,Honey Bunches Of Oats with Pecan Bunches Cereal
1599,Honey Bunches of Oats: Chocolate Cereal
620,Honey Frosted Wheaties Cereal
1654,Honey Maid S'mores Cereal
198,Honey Nut Chex Cereal
1697,Honey Nut Crunch Raisin Bran Cereal
412,Honey Nut Scooters Cereal
192,Honey-Comb Cereal
637,Hulk Cereal
206,Hunny B's Cereal
1100,Huskies Cereal
184,Halfsies Cereal
1341,Halloween Brew Waffle Crisp Cereal
1394,Halloween Rice Krispies Cereal
1233,Hannah Montana Cereal
627,Haunted Apple Jacks Manor Cereal
629,Haunted Cocoa Rice Krispies Manor Cereal
628,Haunted Froot Loops Manor Cereal
1061,Health Best Granolas
712,Healthy Choice Mueslix Cereal
1066,Heart Basics Cereal
852,Heart Mates Cereal
576,Heart To Heart With Wild Blueberry Clusters Cereal
1137,Heart To Heart: Blueberry Cereal
575,Heart To Heart: Honey Toasted Cereal
1503,Heart To Heart: Nutty Chia Flax Cereal
1362,Heart To Heart: Warm Cinnamon Cereal
1027,Heartland Low Fat Granola Cereal
1028,Heartland Low Fat Granola With Raisins Cereal
1029,Heartland Original Granola Cereal
1030,Heartland Original Granola With Raisins Cereal
815,Heartwise (Health Valley) Cereal
721,Heartwise (Kellogg's) Cereal
949,Hearty Raisin Bran Cereal
464,Heavenly Chocolate Granola Cereal
616,Heinz Rice Flakes
475,Hemp Plus Granola Cereal
483,Heritage Bites Cereal
471,Heritage Muesli Cereal
506,Heritage Multigrain Cereal
489,Heritage O's Cereal
1754,Hero Crunch Cereal
1519,Hershey's Cookies 'n' Cream Cereal
1772,Hershey's Kisses Cereal
849,Hi-Lo: Maple Pecan Cereal
848,Hi-Lo: Original Cereal
851,Hi-Lo: Strawberry Cereal
850,Hi-Lo: Vanilla Almond Cereal
1207,Hi-Pro Cereal
1067,Hi-Protein Crunch Cereal
1286,Ho Ho Holiday Rice Krispies Cereal
1052,Holiday Froot Loops Cereal
1354,Holiday Fruity Pebbles Cereal
675,Holiday Lucky Charms Cereal
1046,Holiday Rice Krispies Cereal
1324,Holleb's Supreme Brownie Toasted Corn Flakes
1051,Honest Foods Granola Planks
203,Honey & Oat Blenders Cereal
1248,Honey & Oat Blenders With Almonds Cereal
1703,Honey & Peanut Nut Butter Crunch Cereal
590,Honey Almond Crisp with Real Blueberries Cereal
595,Honey Almond Crisp with Real Cranberries Cereal
1457,Honey Almond Delight Cereal
1120,Honey Almond Granola Cereal
880,Honey Almond Oatios Cereal
1165,Honey Bran Cereal
998,Honey Bumpers Cereal
1530,Honey Bunches of Oats Granola Cereal
1566,Honey Bunches of Oats Whole Grain With Vanilla Bunches Cereal
1567,Honey Bunches of Oats Whole Grain: Honey Crunch Cereal
188,Honey Bunches of Oats with Almonds Cereal
1415,Honey Bunches of Oats with Banana Bunches Cereal
524,Honey Bunches of Oats with Chocolate Clusters Cereal
523,Honey Bunches of Oats with Cinnamon Clusters Cereal
1414,Honey Bunches of Oats with real Apples and Cinnamon Bunches Cereal
189,Honey Bunches of Oats with Real Bananas Cereal
521,Honey Bunches of Oats with Real Peaches Cereal
190,Honey Bunches of Oats with Real Strawberries Cereal
522,Honey Bunches of Oats with Vanilla Clusters Cereal
1724,Honey Bunches of Oats: Apple Caramel Crunch Cereal
1612,Honey Bunches of Oats: Almond Crunch O's Cereal
1768,Honey Bunches of Oats: Frosted Cereal
1478,Honey Bunches Of Oats: Fruit Blends Cereal
1498,Honey Bunches of Oats: Greek Honey Crunch Cereal
1506,Honey Bunches of Oats: Greek Mixed Berry Cereal
1611,Honey Bunches of Oats: Honey Crunch O's Cereal
187,Honey Bunches of Oats: Honey Roasted Cereal
1646,Honey Bunches Of Oats: Pecan & Maple Brown Sugar Cereal
1413,Honey Bunches of Oats: Raisin Medley Cereal
1520,Honey Bunches Of Oats: Tropical Blends Cereal
633,Honey Bunnies Cereal
191,Honey Buzzers Cereal
1693,Honey Cinnamon Super Food Combos Cereal
1079,Honey Crisp Corn Flakes Cereal
201,Honey Crunch Corn Flakes Cereal
839,Honey Crunch'n Oats Cereal
125,Honey Dipps Cereal
664,Honey Frosted Mini-Wheats Cereal
966,Honey Gone Nuts Granola Cereal
770,Honey Graham Chex Cereal
195,Honey Graham Oh's Cereal
196,Honey Graham Squares Cereal
1420,Honey Grahams Cereal
1294,Honey Kix Cereal
1202,Honey Maid Cereal
197,Honey Nut Cheerios Cereal
1491,Honey Nut Cheerios Medley Crunch Cereal
200,Honey Nut Clusters Cereal
1078,Honey Nut Corn Flakes Cereal
1721,Honey Nut Frosted Flakes Cereal
1127,Honey Nut Granola With Almonds Cereal
1085,Honey Nut Nemo O's Cereal
864,Honey Nut O's Cereal
829,Honey Nut O's Cereal
202,Honey Nut Shredded Wheat Cereal
436,Honey Nut Toasty O's Cereal
1273,Honey Oat Clusters With Almonds Cereal
1274,Honey Oat Clusters With Raisins Cereal
776,Honey Puffed Kashi Cereal
574,Honey Puffs Cereal
1002,Honey Round-Ups Cereal
205,Honey Smacks Cereal
905,Honey Stars Cereal
1256,Honey Sunshine Cereal
507,Honey'd Corn Flakes Cereal
1139,Honey'd Raisin Bran Cereal
1424,Honey-ful Wheat Cereal
357,Honey-Toasted Sugar Puffs Cereal
1301,Horizon Cereal
1678,Hot Cocoa Cocoa Puffs Cereal
408,Hot Wheels Cereal
667,Howlin' Apple Jacks Cereal
910,Hunny Munch Cereal
625,Ice Age 2 Cereal
1510,Ice Age: Continental Drift Cereal
207,Ice Cream Cones - Vanilla Cereal
1577,Ice Cream Pebbles Cereal
1133,ImmuneWise Cereal
623,Incredibles Cereal
420,Indiana Jones Cereal
1285,I Love Double Chex Cereal
419,IceBerry Pebbles Cereal
639,Incredible Berry Crunch Cereal
1470,Indigo Morning Cereal
1234,Island Vanilla Cereal
1310,Jersey Corn Flakes Cereal
407,Jetsons Cereal
624,Jurassic Park Crunch Cereal
1044,J Squared High Country Style Granola
1094,Jack 'O' Lantern Apple Jacks Cereal
1351,Jersey Bran Flakes Cereal
1350,Jersey Rice Flakes Cereal
208,Jets Cereal
1545,Jif Cereal
1601,Jif PB&J Strawberry Cereal
1232,Jumbo Krispies Cereal
209,Juniors Cereal
1203,Just Bunches! - Caramel Cereal
1333,Just Bunches! - Cinnamon Cereal
1204,Just Bunches! - Honey Roasted Cereal
210,Just Right Cereal
634,Just Right - Fruit And Nut Cereal
1042,Just Right - Tropical Cereal
211,Kaboom Cereal
566,Kashi Pilaf Cereal
1163,Kashi U Cereal
1641,Keebler Cereal
687,Kenmei Rice Bran Cereal
212,King Vitaman Cereal
214,Kix Cereal
213,Klondike Pete's Crunchy Nuggets Cereal
494,Koala Crisp Cereal
1096,Kooky Cocoa Rice Krispies Cereal
1189,Korn-Kinks
1605,Kung Fu Panda Po Power Crunch Cereal
1327,Kaleido Rice Krispies Cereal
1179,Kamut Flakes Cereal
877,Kamut Flakes (Erewhon) Cereal
934,Kamut Krisp Cereal
491,Kamut Puffs Cereal
573,Kashi Flakes Cereal
1746,Kashi Go: Maple Brown Sugar Cereal
567,Kashi Nuggets Cereal
572,Kashi Puffs Cereal
1141,Keebler Cookie Crunch Cereal Cereal
1342,Keepers! Cereal
1064,Klein's Naturals Granolas
1172,Korn-Krisp
693,K-O's Cereal
1468,Krave - Chocolate Cereal
1748,Krave - Cinnamon Crunch Cereal
1469,Krave - Double Chocolate Cereal
1540,Krave - S'mores Cereal
1749,Krave - Strawberry Crunch Cereal
893,Kreepy Rice Krispies Cereal
635,Krumbled Bran Cereal
216,Krumbles Cereal
217,Krusty-O's
1142,Kung Fu Panda Crunchers Cereal
1089,Leapin' Lemurs Cereal
1627,Life - Pumpkin Spice Cereal
1617,Life - Vanilla Cereal
1663,Love Crunch: Dark Chocolate & Peanut Butter Cereal
1658,Love Crunch: Dark Chocolate & Red Berries Cereal
1657,Love Crunch: Dark Chocolate Macaroon Cereal
1733,Lucio Oh's Cereal
222,Lucky Charms Cereal
1666,Lucky Charms Frosted Flakes Cereal
716,La Lechera Flakes Cereal
648,Life - Baked Apple Cereal
644,Life - Chocolate Cereal
645,Life - Chocolate Oat Crunch Cereal
641,Life - Cinnamon Cereal
194,Life - Honey Graham Cereal
1106,Life - Maple & Brown Sugar Cereal
646,Life - Mulitgrains Cereal
1707,Life - Strawberry Cereal
647,Life - Superman Returns Cereal
642,Life - Vanilla Yogurt Cereal
643,Life - Vanilla Yogurt Crunch Cereal
1476,Life Crunchtime - Apple Cinnamon Cereal
1475,Life Crunchtime - Strawberry Cereal
1188,LifeStream 8 Grain Flakes Cereal
1409,Lightly Frosted Shredded Wheat Cereal
715,Lilo & Stitch Cereal
706,Little Einsteins Cereal
650,Live Active - Mixed Berry Crunch Cereal
651,Live Active - Nut Harvest Crunch Cereal
1762,Llama Loops Cereal
1099,Looney Tunes Back in Action Cereal
1075,Love (Peter Max) Swiss Mixed Cereal
1776,Love Crunch: Espresso Vanilla Cream Cereal
221,Low Fat Granola Cereal Cereal
1129,Low Fat Granola With Raisins Cereal
605,Low Fat Granola With Raisins Cereal
606,Low Fat Granola Without Raisins Cereal
1015,Low Fat Granola: Date Almond Flavor Cereal
1009,Low Fat Granola: Raisin Cinnamon Cereal
1272,Low-Fat Crunchy Muesli Cereal
1606,Madagascar S'Mores Jungle Party Cereal
904,Magic Max's Cocoa Magic Crunch Cereal
1105,Malta-Vita
1726,Maple Bacon Donuts Cereal
1629,Marshmallow Fruity Pebbles Cereal
234,Maypo
1750,Mermaid Cereal
233,Mickey's Magix Cereal
534,Millenios Cereal
1579,Mini Trix Cereal
1582,Minions Cereal
1664,Mixed Berry Shredded Wheat Cereal
1638,Moana Cereal
1652,Mocha Crunch Cereal
240,Monopoly Cereal
1215,Monster Pops Cereal
1507,Monsters University Cereal
1509,"Monsters, Inc. Cereal"
241,Moonstones Cereal
244,Mr. T Cereal
247,Mud & Bugs Cereal
672,Mystery Crunch (Cap'n Crunch) Cereal
903,Magic Max's Fruity Magic Cereal
902,Magic Max's Honey Magic Loops Cereal
223,Magic Puffs Cereal
224,Magic Stars
1416,Mallow-Oats Cereal
1174,Malt Breakfast Food
226,Malted Shreddies Cereal
1368,Malt-O-Meal Cereal
959,Mango Passion Low Fat Crisp Cereal
1399,Mango Peach Passion Cereal
1140,Manna Millet Rice Flakes Cereal
227,Maple & Brown Sugar Mini Spooners Cereal
865,Maple Brown Sugar Granola Cereal
1181,Maple Buckwheat Flakes Cereal
1710,Maple Cheerios Cereal
228,Maple Crunch Shreddies Cereal
1431,Maple Frosted Wheaties Cereal
812,Maple Honey Nut Square-Ems Cereal
1239,Maple Nut Medley Cereal
1130,Maple Pecan Crisp Cereal
957,Maple Pecan Crisp (Peace) Cereal
845,Maple Pecan Crunch Cereal
1128,Maple Pecan Granola With Maple Syrup Cereal
947,Maple Raisin Low Fat Crisp Cereal
653,Mapl-Flake
1389,Mapl-Flake (Ralston) Cereal
229,Marshmallow Alpha-Bits Cereal
1355,Marshmallow Blasted Froot Loops Cereal
528,Marshmallow Fruit Loops Cereal
231,Marshmallow Krispies Cereal
552,Marshmallow Mania Pebbles Cereal
230,Marshmallow Mateys Cereal
1379,Marshmallow Pebbles Cereal
911,Marshmallow Safari Cereal
1751,Mega Stuf Oreo O's Cereal
504,Mesa Sunrise Cereal
1053,Mestemacher Muesli
654,Mickey Mouse Clubhouse Berry Crunch Cereal
1334,Mickey Mouse Magic Crunch Cereal
235,Mighty Bites Cereal
854,Mighty Mouse
1443,Miller's Corn Flakes
487,Millet Puffs Cereal
505,Millet Rice Oatbran Flakes Cereal
1511,Mini Cinnamon Churros Cereal
237,Mini Swirlz - Cinnamon Bun Cereal
236,Mini Swirlz - Fudge Ripple Cereal
655,Mini Swirlz - Peanut Butter Cereal
697,Mini Swirlz - Peanut Butter Blast Cereal
1488,Mini Wheats Crunch Cereal
1591,Mini Wheats Harvest Delights Cereal
1345,Minibix Chocolate Crisp Cereal
1346,Minibix Honey & Nut Cereal
238,Mini-Wheats Cereal
661,Mini-Wheats: 5 Grains Cereal
932,Mini-Wheats: Apple Cinnamon Cereal
659,Mini-Wheats: Blackcurrant Cereal
931,Mini-Wheats: Blueberry Cereal
658,Mini-Wheats: Brown Sugar Frosted Cereal
660,Mini-Wheats: Golden Honey Cereal
657,Mini-Wheats: Maple Cereal
709,Mini-Wheats: Raisin Cereal
933,Mini-Wheats: Strawberry Cereal
545,Mini-Wheats: Unfrosted Cereal
656,Mini-Wheats: Vanilla Cereal
239,Mister Muscle Cereal
1419,Mom's Best Honey Nut Toasty O's Cereal
1534,Morning Energy - Chocolatey Almond Crunch Cereal
1533,Morning Energy - Cinnamon Crunch Cereal
242,Morning Funnies Cereal
1528,Morning Oat Crunch - Cinnamon Cereal
1529,Morning Oat Crunch - Mini Blueberry Burst Cereal
1526,Morning Oat Crunch - Original Cereal
1527,Morning Oat Crunch - Vanilla Almond Cereal
935,Morning Start: Blueberry Bounty Cereal
937,Morning Start: Crunchy Almond Crisp Cereal
936,Morning Start: Triple Berry Cereal
243,Most Cereal
1001,Mother's Oats & Honey Granola Cereal
1117,Mountain Madness Granola: Apple Cinnamon Cereal
1035,Mountain Madness Granola: Blueberry Maple Cereal
1034,Mountain Madness Granola: Cranberry Zest Cereal
1032,Mountain Madness Granola: Mango Almond Cereal
1033,Mountain Madness Granola: Original Blend Cereal
1118,Mountain Madness Granola: Pomegranate Blueberry Cereal
1031,Mountain Madness Granola: Protein Power Cereal
577,Mountain Medley Granola Cereal
711,Mr. Waffles Cereal
710,Mr. Waffles - Banana Cereal
245,Mr. Wonderfull's Surprize - Chocolate Cereal
246,Mr. Wonderfull's Surprize - Vanilla Cereal
983,Muesli Plus Cereal
248,Mueslix Cereal
249,Muffets Shredded Wheat Cereal
858,Multi Grain Squares Cereal
250,Multi-Bran Chex Cereal
251,Multi-Grain Cheerios Cereal
1182,Multigrain Flakes Cereal
1010,Multigrain Flakes With Oatbran & Raisins Cereal
1682,Multigrain Flakes: Cranberry Apple Cereal
1681,Multigrain Flakes: Honey Vanilla Cereal
1121,MultiGrain Harvest Cereal
501,Multigrain Oatbran Cereal
1148,Mystery Volcano Crunch Cereal
1371,Natural Raisin Bran Cereal
1597,Nature Valley: Baked Oat Bites Cereal
1630,Nature Valley: Chocolate Oat Bites Cereal
698,Neopets Islandberry Crunch Cereal
252,Nerds Cereal
253,Nestle NesQuik Cereal
1393,Neutron Berries Cereal
1690,Nilla Banana Pudding Cereal
717,Nut & Honey Crunch Cereal
1312,NASCAR Speedway Crunch Cereal
1372,Natural Bran Flakes Cereal
1037,Natural Granola Cereal
1266,Natural Granola: Lowfat With Raisins Cereal
1268,Natural Granola: Oats & Honey Cereal
1267,"Natural Granola: Oats, Honey & Raisins Cereal"
1185,Nature O's Cereal
1600,Nature Valley Chocolate Oat Clusters Cereal
584,Nature Valley Cinnamon Cereal
585,Nature Valley Granola Cereal
583,Nature Valley Oats 'N Honey Cereal
1011,Nature Valley Organic Vanilla Nut Cereal
1598,Nature Valley: Honey Oat Clusters Cereal
1304,New Kids On The Block Cereal
1071,Newman's Own Cereals
923,Norman Cereal
718,Nut & Honey Crunch Biscuits Cereal
1287,Nut & Honey Crunch O's Cereal
1437,Nut Cluster Crunch: Honey Almond Cereal
1438,Nut Cluster Crunch: Maple Nut Cereal
1358,NutraLoops
1430,Nutrific Cereal
723,Nutri-Grain Cereal
1671,Nutter Butter Cereal
988,Nutty Flax Cereal
989,Nutty Rice Cereal
256,Oatbake Cereal
264,OJ's Cereal
263,OKs Cereal
676,Olympic Lucky Charms Cereal
1220,Optimum - Blueberry Cinnamon Cereal
1621,Orange Creampop Crunch Cereal
1624,Orbits Cereal
270,Oreo O's Cereal
1243,Organic Wild Puffs - Fruit Medley Cereal
1244,Organic Wild Puffs - Honey Puffs Cereal
1701,Our Strawberry Blonde Cereal
1068,Oat & Soy Crisp Cereal
707,Oat Bran Cereal
1183,Oat Bran Flakes Cereal
797,Oat Bran O's Cereal
1340,Oat Chex Cereal
433,Oat Cluster Cheerios Crunch Cereal
259,Oat Flakes (Post) Cereal
719,Oat Flakes (Quaker) Cereal
1373,Oat Squares Cereal
260,Oatibix Cereal
722,Oatibix Bitesize Cereal
878,Oatios Cereal
725,Oatmeal Crisp: Almond Cereal
726,Oatmeal Crisp: Crunchy Almond Cereal
728,Oatmeal Crisp: Hearty Raisin Cereal
257,Oatmeal Crisp: Maple Brown Sugar Cereal
727,Oatmeal Crisp: Raisin Cereal
1292,Oatmeal Raisin Crisp Cereal
708,Oatmeal Squares - Brown Sugar Cereal
688,Oatmeal Squares - Cinnamon Cereal
1388,Oatmeal Squares - Golden Maple Cereal
1472,Oatmeal Squares - Honey Nut Cereal
1423,Oats & Honey Blend Cereal
860,Oats & Honey Granola Cereal
485,Oaty Bites Cereal
1038,Old Country Style Muesli Cereal
1262,Omega-3 Harmony Cereal
674,Oops! All Berries (Cap'n Crunch) Cereal
1311,Opal Toasted Corn Flakes
1400,Optimum - Banana Almond Cereal
1401,Optimum - Cranberry Ginger Cereal
480,Optimum Power Breakfast Cereal
484,Optimum Rebound Cereal
481,Optimum Slim Cereal
482,Optimum Zen Cereal
267,Optivita Cereal
269,Orange Blossom Cereal
493,Orangutan-O's Cereal
570,Orchard Spice Granola Cereal
803,Organic Amaranth Flakes Cereal
801,Organic Golden Flax Cereal
963,Organic Granola: Cinnamon Raisin Cereal
960,Organic Granola: Vermont Maple Cereal
800,Organic Healthy Fiber Cereal
783,Organic Kamut & Cranberries Cereal
799,Organic Oat Bran Flakes Cereal
798,Organic Oat Bran Flakes with Raisins Cereal
787,Organic Oat Flakes Cereal
796,Organic Raisin Bran Flakes Cereal
827,Organic Weetabix Crispy Flakes Cereal
1017,Organic Weetabix Crispy Flakes & Fiber Cereal
838,Organic Weetabix Whole Grain Biscuit Cereal
828,Organic Wheetabix Crispy Flakes & Fiber Cereal
822,Organic Wild Puffs Cereal
825,Organic Wild Puffs - Caramel Cereal
824,Organic Wild Puffs - Cocoa Cereal
1245,Organic Wild Puffs - Cocoa Graham Cereal
1246,Organic Wild Puffs - Crunchy Cocoa Cereal
823,Organic Wild Puffs - Fruity Punch Cereal
1055,Orgran Lite & Crunchy Muesli
1684,Peach Cheerios Cereal
1685,Peanut Butter & Cocoa Pebbles Cereal
1216,Peanut Butter & Jelly Granola Cereal
276,Peanut Butter Toast Crunch Cereal
1440,Pebbles Boulders Cereal
1730,Peeps Cereal
277,Pep Cereal
1173,Pettijohn's Breakfast Food
278,Pink Panther Flakes Cereal
1109,Polar Crunch (Cap'n Crunch) Cereal
705,Polar Express Cereal
916,Popeye Puffed Wheat Cereal
281,Pop-Tarts Crunch Cereal
282,Powdered Donutz Cereal
1626,Power Play Cereal
551,Powerpuff Girls Cereal
283,Prince of Thieves Cereal
743,Princess Fairytale Flakes Cereal
1154,Pro Grain Cereal
1568,Protein Granola & Flakes Cereal
1019,Protein Plus Cereal
286,Puffa Puffa Rice Cereal
817,Puffins Cereal
1589,Puffins - Pumpkin Cereal
1625,Pumpkin Spice Cheerios Cereal
1705,Pumpkin Spice Frosted Flakes Cereal
922,Puppets Caramel Flavored Wheat Puffs Cereal
859,Purely O's Cereal
1074,Para Su Familia Cinnamon Stars Cereal
735,Para Su Familia Raisin Bran Cereal
1045,Partners Gourmet Granolas
738,PB & J Cereal
1265,Peach Mango Cereal
463,Peak Protein Granola Cereal
997,Peanut Butter Bumpers Cereal
1467,Peanut Butter Cheerios Cereal
1740,Peanut Butter Chex Cereal
273,Peanut Butter Crunch (Cap'n Crunch) Cereal
478,Peanut Butter Granola Cereal
495,Peanut Butter Panda Puffs Cereal
1481,Pebbles Boulders: Chocolate Peanut Butter Cereal
1090,Penguin Puffs Cereal
1609,Penguins: Operation Chocolate Mix Cereal
985,Perky O's: Apple Cinnamon Cereal
986,Perky O's: Frosted Cereal
987,Perky O's: Original Cereal
1170,Pillsbury's Best
279,Pirates of the Caribbean Cereal
703,Pirates of the Caribbean: Dead Man's Chest Cereal
280,Pokemon Cereal
479,Pomegran Plus Granola Cereal
1452,Popeye Cocoa Blasts Cereal
1453,Popeye Sweet Crunch Cereal
1539,Poppin' Pebbles Cereal
739,Pops Cereal
449,Pops: Chocolate Peanut Butter Cereal
1731,Pop-Tarts Cereal
740,Post Toasties Cereal
372,Post Toasties Corn Flakes Cereal
742,Princess Cereal
1084,Princess Gems Cereal
285,Pro Stars Cereal
284,Product 19 Cereal
788,Puffed Corn Cereal
1298,Puffed Corn Flakes Cereal
782,Puffed Kamut Cereal
775,Puffed Kashi Cereal
790,Puffed Millet Cereal
789,Puffed Rice (Arrowhead Mills) Cereal
695,Puffed Rice (Kellogg's) Cereal
288,Puffed Rice (Malt-O-Meal) Cereal
1381,Puffed Rice (Post) Cereal
290,Puffed Rice (Quaker) Cereal
744,Puffed Rice Sparkies Cereal
781,Puffed Wheat (Arrowhead Mills) Cereal
694,Puffed Wheat (Kellogg's) Cereal
289,Puffed Wheat (Malt-O-Meal) Cereal
291,Puffed Wheat (Quaker) Cereal
745,Puffed Wheat Sparkies Cereal
819,Puffins - Cinnamon Cereal
818,Puffins - Honey Rice Cereal
1410,Puffins - Multigrain Cereal
820,Puffins - Peanut Butter Cereal
473,Pumpkin Flax Plus Granola Cereal
292,Punch Crunch (Cap'n Crunch) Cereal
1712,Purple Acai Cereal
1717,Purple Bam! Cereal
1651,Qi'a Superflakes Cereal
294,Quake Cereal
1195,Quaker Crackels Cereal
747,Quarterback Crunch Cereal
300,Quisp Cereal
1427,Quaker Corn Puffs Cereal
1080,Quaker Honey Grahams Cereal
793,Quaker Wheat Berries Cereal
746,Quakies Cereal
1091,Racing Apple Jacks Cereal
301,Rainbow Brite Cereal
1159,Rainforest Crisp
1367,Raisin Bran Chex Cereal
1636,Raisin Bran Crunch: Apple Strawberry Cereal
1590,Raisin Bran With Cranberries Cereal
686,Raisins Rice & Rye Cereal
921,Ranger Joe Wheat Honnies Cereal
1743,"Red, White & Blue Crunch Cereal"
748,Reese's Peanut Butter Puffs Cereal
1650,Reese's Puffs Bunnies Cereal
1153,Rice Cream Flakes Cereal
315,Rice Krispies Cereal
1578,Ridg'ems Corn Flakes Cereal
317,Rocky Road Cereal
617,Rugrats In Paris Cereal
1396,Race Car Crunch Cereal
1160,Rainforest Flakes
1158,Rainforest Granola
866,Raisin Bran (Cascadian Farms) Cereal
876,Raisin Bran (Erewhon) Cereal
302,Raisin Bran (Kellogg's) Cereal
435,Raisin Bran (Malt-O-Meal) Cereal
1422,Raisin Bran (Mom's Best) Cereal
303,Raisin Bran (Post) Cereal
884,Raisin Bran (Skinner's) Cereal
304,Raisin Bran Crunch Cereal
1745,Raisin Bran Crunch: Vanilla Almond Cereal
1224,Raisin Bran Extra! Cereal
1505,Raisin Bran Omega-3 Cereal
805,Raisin Cinnamon Granola Cereal
1302,Raisin Grape-Nuts Cereal
649,Raisin Life Cereal
305,Raisin Nut Bran Cereal
409,Raisin Oat Bran Cereal
306,Raisin Squares Cereal
1541,Raisin Vineyard Cereal
307,Raisin Wheats Cereal
679,Rally Cereal
750,Ralston Wheat Cereal
920,Ranger Joe Rice Honnies Cereal
955,Raspberry Ginger Low Fat Crisp Cereal
474,Raspberry Heritage Granola Cereal
1135,Raspberry Rhapsody Cereal
615,Razzle Dazzle Rice Krispies Cereal
1558,Real Medleys: Cherry Almond Pecan Cereal
1559,Real Medleys: Peach Apple Walnut Cereal
795,Real Oat Bran Almond Crunch Cereal
309,Reese's Puffs Cereal
1709,Reese's Puffs Bats Cereal
1759,Reese's Puffs Big Puffs Cereal
1736,Reese's Puffs Hearts Cereal
618,Reptar Crunch Cereal
310,Rice Bubbles Cereal
311,Rice Chex Cereal
913,Rice Crisps Cereal
794,Rice Crunch-Ems! Cereal
588,Rice Crunchins Cereal
897,Rice Flakes Cereal
312,Rice Honeys Cereal
314,Rice Krinkles Cereal
1463,Rice Krispies - Gluten Free Cereal
1614,Rice Krispies Multi-Grain Shapes Cereal
316,Rice Krispies Treats Cereal
613,Rice Krispies With Real Strawberries Cereal
486,Rice Puffs Cereal
875,Rice Twice Cereal
901,Richard Petty 43's Cereal
313,Ricicles Cereal
1338,Ripple Crisp Cereal
1101,Rippled Wheat Breakfast Food
749,Robots Cereal
1500,Rocky Mountain Chocolate Factory Cereal
1152,Rugrats Go Wild Berries Cereal
1205,Ruskets Flakes
367,S.W. Graham Cereal
751,Shredded Krumbles Cereal
320,Shredded Wheat (Nabisco) Cereal
324,Shreddies (Nabisco) Cereal
1607,Shrek Ogre O's Cereal
327,Sir Grapefellow Cereal
1665,Size 8 Cereal
1660,S'mores Bites Shredded Wheat Cereal
332,S'mores Grahams Cereal
333,Smorz Cereal
334,Smurf Berry Crunch Cereal
1439,Smurfs Cereal
1382,Soccer Crunch Cereal
701,Spider-Man (Ralston) Cereal
342,SpongeBob SquarePants Cereal
343,Sprinkle Spangles Cereal
1581,Sprouted Grains Cereal
1293,Star Trek Cereal
1576,Star Wars Cereal
345,Star Wars Episode II Cereal
1618,Strawberry Cheerios Cereal
1206,Strawberry Honeycomb Cereal
1585,Strawberry Krispies Cereal
348,Strawberry Shortcake Cereal
350,Sugar Coated Corn Flakes Cereal
1532,Sugar Cookie Pebbles Cereal
1553,Sugar Cookie Toast Crunch Cereal
1240,Summer Berry Blend Cereal
1111,Summer Berry Granola Cereal
1620,Sun Crunchers Cereal
1277,Sunrise Cereal
1669,Super Mario Cereal
1595,Superman Caramel Crunch Cereal
1168,Suprize Cereal
1584,Sweet Potato Sunshine Cereal
368,Sweet Wheats! Cereal
1212,Sanitarium Corn Flakes
1359,Sanitarium Fig & Bran Flakes Cereal
1103,Sanitas Toasted Corn Flakes Cereal
1021,Save The Forest Organic Granola: Absolutely Nuts Cereal
1022,Save The Forest Organic Granola: Cravin' Cranberry Cereal
1020,Save The Forest Organic Granola: Going Bananas Cereal
1023,Save The Forest Organic Granola: Raspberry Razzmatazz Cereal
326,Scooby-Doo Cereal
1250,Scooters Cereal
1149,Sea Creature Berries Cereal
1499,Sesame Street Cereal
724,Seven In The Morning Cereal
318,Ship Shake Cap'n Crunch Liquid Cereal
826,Shredded Oats Cereal
836,Shredded Oats - Cinnamon Crunch Cereal
837,Shredded Oats - Vanilla Almond Cereal
319,Shredded Ralston Cereal
830,Shredded Spoonfuls Cereal
1186,Shredded Wheat (Arrowhead Mills) Cereal
821,Shredded Wheat (Barbara's Bakery) Cereal
321,Shredded Wheat (Kellogg's) Cereal
322,Shredded Wheat (Post) Cereal
1575,Shredded Wheat Crunch Cereal
752,Shredded Wheat Juniors Cereal
696,Shredded Wheat Miniatures Cereal
1161,Shredded Wheat 'N Bran (Nabisco) Cereal
741,Shredded Wheat 'N Bran (Post) Cereal
1005,Shredded Wheat With Real Strawberries Cereal
887,Shreddies (Nestle) Cereal
323,Shreddies (Post) Cereal
702,Shrek Cereal
704,Shrek 2 Mud & Worms Cereal
325,Shrek's (Not Donkey's) Cereal
1376,Simply Cinnamon Corn Flakes Cereal
1018,Simply Fiber Cereal
1247,Simply Fiber - Cinnamon Cereal
1679,Simply Granola - Vanilla & Pecan Cereal
1474,Simply Maize Cereal
816,Slender Cereal
753,Slimer And The Real Ghostbusters Cereal
328,Smacks Cereal
329,Smart Bran Cereal
609,Smart Start: Cinnamon Raisin Cereal
608,Smart Start: Maple Brown Sugar Cereal
330,Smart Start: Original Antioxidants Cereal
603,Smart Start: Soy Protein Cereal
1200,Smart Start: Strawberry Oat Bites Cereal
610,Smart Start: Toasted Oat Cereal
669,Smashed Berries (Cap'n Crunch) Cereal
331,S'mores Crunch Cereal
335,Smurf Magic Berries Cereal
1571,Snackimals - Chocolate Crisp Cereal
1573,Snackimals - Cinnamon Crunch Cereal
1718,Sour Patch Kids Cereal
944,South Beach Diet: Toasted Wheats Cereal
943,South Beach Diet: Whole Grain Crunch Cereal
941,South Beach Living: Strawberry Harvest Crunch Cereal
942,South Beach Living: Vanilla Almond Crunch Cereal
602,Soy Plus Granola Cereal
336,Special K Cereal
1587,Special K Apple Cinnamon Crunch Cereal
1766,Special K Banana Cereal
1222,Special K Blueberry Cereal
1656,Special K Blueberry With Lemon Clusters Cereal
1551,Special K Chocolate Almond Cereal
563,Special K Chocolatey Delight Cereal
1496,Special K Chocolatey Strawberry Cereal
564,Special K Cinnamon Pecan Cereal
337,Special K Fruit & Yogurt Cereal
1563,Special K Gluten Free Cereal
1330,Special K Granola Cereal
562,Special K Low Carb Cereal
1525,Special K Multi Grain Cereal
1407,Special K Multigrain Oats & Honey Cereal
1592,Special K Nourish Cereal
1713,Special K Probiotics Cereal
1613,Special K Protein Cereal
561,Special K Protein Plus Cereal
1628,Special K Pumpkin Spice Crunch Cereal
1773,Special K Raspberry Cereal
338,Special K Red Berries Cereal
339,Special K Vanilla Almond Cereal
1184,Spelt & Cranberries Cereal
502,Spelt Flakes Cereal
1050,Spelt Flakes Cereal
340,Spider-Man (Kellogg's) Cereal
699,Spider-Man 2 Cereal
700,Spider-Man 3 Cereal
1549,SpongeBob Squarepants Fruity Splash Cereal
1352,Spooky Froot Loops Cereal
1097,Spooky Marshmallow Froot Loops Cereal
341,Spoon Size Shredded Wheat Cereal
406,Spoon Size Shredded Wheat Plus Cereal
1544,Sprinkled Donut Crunch Cereal
344,Star Wars Episode III Cereal
57,Stars (Caramel) Cereal
346,Start Cereal
1339,Startoons Cereal
347,Strawberry Blasted Honey-comb Cereal
1008,Strawberry Chex Cereal
1249,Strawberry Cream Mini Spooners Cereal
1456,Strawberry Crisp Cereal
569,Strawberry Fields Cereal
1145,Strawberry Kombos Cereal
1729,Strawberry Shortcake Crunch Cereal
691,Strawberry Squares Cereal
349,Sugar Chex Cereal
1531,Sugar Cones Cereal
355,Sugar Corn Pops Cereal
757,Sugar Corn-fetti Cereal
351,Sugar Crisp Cereal
352,Sugar Frosted Chex Cereal
759,Sugar Frosted Flakes Cereal
353,Sugar Jets Cereal
758,Sugar Krinkles Cereal
354,Sugar Pops Cereal
356,Sugar Puffs (Honey Monster Foods)
760,Sugar Puffs (Quaker) Cereal
761,Sugar Puffs Of Wheat Cereal
889,Sugar Rice Krinkles Cereal
358,Sugar Smacks Cereal
1395,Sugar Smiles Cereal
774,Sugar Sparkled Corn Flakes Cereal
361,Sugar Sparkled Flakes Cereal
362,Sugar Sprinkled Twinkles Cereal
360,Sugar Stars Cereal
91,Sugar-Frosted Corn Bursts Cereal
363,Sultana Bran (Kellogg's) Cereal
888,Sultana Bran (Sainsbury's)
886,Sultana Bran Crunch Cereal
1548,Summer Berry Pebbles Cereal
364,Sun Flakes Cereal
1125,Sunny O's Cereal
1348,Sunshine Shredded Wheat
1063,Super Cereal
565,Super Golden Crisp Cereal
732,Super Orange Crisp Cereal
1306,Super Sugar Chex Cereal
366,Super Sugar Crisp Cereal
429,Superman Crunch (Cap'n Crunch) Cereal
365,Superman Stars Cereal
1178,SuperNatural Cereal
1177,Sweet Crunch Cereal
1645,Sweet Honey Clusters Cereal
915,Sweet Puffs Cereal
785,Sweetened Rice Flakes Cereal
784,Sweetened Shredded Wheat Cereal
1417,Sweetened Wheat-fuls Cereal
673,Swirled Berries (Cap'n Crunch) Cereal
975,Swiss Crunch Muesli Blue Cereal
976,Swiss Crunch Muesli Green Cereal
977,Swiss Crunch Muesli Red Cereal
979,Swiss Low Fat Granola Cereal
980,Swiss Low Fat Muesli Cereal
982,Swiss Muesli Cereal
984,Swiss Muesli Granola Cereal
497,Synergy Cereal
663,X-Men 2 Cereal
813,Xtreme Fun Blast-ems Cereal
810,Xtreme Fun Chocolate Blast-Ems Cereal
402,Yummy Mummy Cereal
535,Yogurt Burst Cheerios - Strawberry Cereal
401,Yogurt Burst Cheerios - Vanilla Cereal
994,Zoe's O's: Natural Cereal
992,Zoe's Granola: Cinnamon Raisin Cereal
991,Zoe's Granola: Cranberries Currants Cereal
990,Zoe's Granola: Honey Almond Cereal
995,Zoe's O's: Cinnamon Cereal
993,Zoe's O's: Honey Cereal
763,Team Cereal
369,Team Cheerios Cereal
773,Team USA Cheerios Cereal
844,Teddy Grahams Breakfast Bears Cereal
1616,Teenage Mutant Ninja Turtles (2016) Cereal
1082,Temptations Cereal
1428,Temptations - Honey Roasted Pecan Cereal
1073,The Batman Cereal
560,Tiger Power Cereal
1615,Tiny Toast Cereal
1124,Total Cinnamon Crunch Cereal
455,Total: Brown Sugar & Oat Cereal
1744,Toy Story 4 Cereal
766,Transformers Cereal
1508,Turbo Cereal
1765,Twinkies Cereal
380,Twinkles Cereal
762,Team Flakes Cereal
370,Teenage Mutant Ninja Turtles (1989) Cereal
1429,Temptations - French Vanilla Almond Cereal
1122,Tigger & Pooh Corn Puffs Cereal
1441,Tintin Cereal
764,Tiny Toon Adventures Cereal
1421,Toasted Cinnamon Squares Cereal
1764,Toasted Coconut Cheerios Cereal
1644,Toasted Coconut Clusters Cereal
855,Toasted Grain Flakes
607,Toasted Honey Crunch Cereal
1227,Toasted Mini-Wheats Cereal
1000,Toasted Oat Bran Cereal
371,Toasted Oatmeal - Brown Sugar Cereal
689,Toasted Oatmeal - Honey Nut Cereal
1418,Toasted Wheat-fuls Cereal
1253,Toasty 0's Cereal
1425,Toasty O's Cereal
373,Tony's Cinnamon Krunchers Cereal
374,Tony's Turboz Cereal
437,Tootie Fruities Cereal
375,Top 3 Cereal
1321,Top Cat Frosted Flakes
376,Total Cereal
451,Total Corn Flakes Cereal
1378,Total Plus+ Honey Almond Flax Cereal
453,Total Protein Cereal
377,Total Raisin Bran Cereal
452,Total With Strawberries Cereal
1299,Total: Blueberry Pomegranate Cereal
456,Total: Cranberry Crunch Cereal
457,Total: Honey Clusters Cereal
458,Total: Vanilla Yogurt Cereal
454,Total: Whole Grain Cereal
1278,Touchdown Crunch Cereal
1383,Toy Story 3 Cereal
671,Treasure Hunt Crunch (Cap'n Crunch) Cereal
1242,Treasured Grains With Ginger Cereal
470,Triple Berry Crunch (Fit) Cereal
670,Triple Crunch (Cap'n Crunch) Cereal
895,Triple Snack Cereal
378,Triples Cereal
379,Trix Cereal
1308,Trix Swirls Cereal
1758,Trix Trolls World Tour Cereal
1757,Trolls Rainbow Crunch Cereal
898,Tropical Forest Froot Loops Cereal
804,Tropical Fruit Granola Cereal
754,Tutti Fruiti Twinkles Cereal
929,U.S. Soccer Golden Goals Cereal
972,Udi's Hawaiian Granola Cereal
1190,Uncle Sam Breakfast Food Cereal
1672,Unicorn Cereal
1214,USA Olympic Crunch Cereal
973,Udi's Au Naturel Granola Cereal
970,Udi's Cranberry Granola Cereal
1276,Udi's Muesli Cereal
974,Udi's Original Granola Cereal
971,Udi's Vanilla Granola Cereal
831,Ultima - Flax & Granola Cereal
832,Ultima - High Fiber Cereal
833,Ultima - Pomegranate Cereal
381,Uncle Sam Cereal
868,Uncle Sam With Real Mixed Berries Cereal
924,Uncle Tom Health Food
1320,Vanilla Almond Shredded Wheat Cereal
383,Vanilly Crunch (Cap'n Crunch) Cereal
1647,Very Berry Cheerios Cereal
1171,Vitos
1175,Van Brode Crisp Rice
1176,Van Brode Wheat Flakes
950,Vanilla Almond Crisp Cereal
863,Vanilla Almond Crunch Cereal
469,Vanilla Almond Crunch (Fit) Cereal
1235,Vanilla Almond Flax Plus Cereal
1504,Vanilla Chex Cereal
438,Vanilla Cream Mini Spooners Cereal
956,Vanilla Nut Rainforest Crisp Cereal
593,Vanilla Puffed Wheat Cereal
1191,Vanilla Sweeties Cereal
384,Vector Cereal
1264,Very Berry Cereal
1335,Very Berry (Cap'n Crunch) Cereal
1025,Very Berry Crunch Granola Cereal
767,Vigor
1049,VitaSpelt Spelt Granolas
385,Vive Cereal
387,Waffelos Cereal
917,Waffelos - Blueberry Cereal
388,Waffle Crisp Cereal
1016,Weetabix Cereal
389,Weet-Bix
771,Wheat & Raisin Chex Cereal
394,Wheat Honeys Cereal
1164,Wheat Krispies Cereal
396,Wheaties Cereal
589,Wheaties Energy Crunch Cereal
1325,Wheaties Fuel Cereal
1196,Wheaties Honey Gold Cereal
1466,Whole Hearts Cereal
581,Wild Animal Crunch Cereal
399,Winnie-The-Pooh Great Honey Crunchers Cereal
652,Winter Lucky Charms Cereal
413,Wishing Stars Cereal
1228,Wonder Cereal
386,Wackies Cereal
1318,Walnut Spice Crunch Cereal
1211,Washington Wheat Flakes
1123,Weetabix Crispy Flakes Cereal
390,Weetabix Minis Cereal
1444,Weeties Cereal
397,Weetos Cereal
393,Wheat Chex Cereal
1255,Wheat Crunch Flakes Cereal
450,Wheat Hearts Cereal
395,Wheatena
1446,Wheaties Bran With Raisin Flakes Cereal
1104,Wheatlet
1077,Wheato-Naks (Red Ryder)
1447,Whole Bran Shreds Cereal
405,Whole Grain Shredded Wheat Cereal
1081,Whole Wheat Biscuit Cereal
1307,Whole Wheat Flakes Cereal
778,Whole Wheat Krumbles Cereal
1260,WholeO's Cereal
1689,Wild Berry Froot Loops Cereal
948,Wild Berry Low Fat Crisp Cereal
662,Wild Thornberry's Crunch Cereal
554,Winter Fruity Pebbles Cereal
392,WWF Superstars Cereal
